{
    "name": "root",
    "metadata": {
        "timer_format_version": "0.1.0",
        "start_time_seconds": "1719290240",
        "python_version": "3.7.9 (tags/v3.7.9:13c94747c7, Aug 17 2020, 18:58:18) [MSC v.1900 64 bit (AMD64)]",
        "command_line_arguments": "C:\\Users\\Gautam\\My_project\\venv\\Scripts\\mlagents-learn config/ppo/Pyramids.yaml --run-id=MoveToGoalrlll --results-dir=results/",
        "mlagents_version": "0.29.0",
        "mlagents_envs_version": "0.29.0",
        "communication_protocol_version": "1.5.0",
        "pytorch_version": "1.8.1+cu111",
        "numpy_version": "1.21.2",
        "end_time_seconds": "1719290351"
    },
    "total": 111.6404349,
    "count": 1,
    "self": 0.004642199999992158,
    "children": {
        "run_training.setup": {
            "total": 0.12157220000000013,
            "count": 1,
            "self": 0.12157220000000013
        },
        "TrainerController.start_learning": {
            "total": 111.51422050000001,
            "count": 1,
            "self": 0.008050799999949732,
            "children": {
                "TrainerController._reset_env": {
                    "total": 35.823259,
                    "count": 1,
                    "self": 35.823259
                },
                "TrainerController.advance": {
                    "total": 75.46029140000005,
                    "count": 511,
                    "self": 0.007697900000039226,
                    "children": {
                        "env_step": {
                            "total": 69.41610989999994,
                            "count": 511,
                            "self": 65.4553195999999,
                            "children": {
                                "SubprocessEnvManager._take_step": {
                                    "total": 3.9563903999999894,
                                    "count": 511,
                                    "self": 0.02481060000000923,
                                    "children": {
                                        "TorchPolicy.evaluate": {
                                            "total": 3.93157979999998,
                                            "count": 511,
                                            "self": 1.4008530999999067,
                                            "children": {
                                                "TorchPolicy.sample_actions": {
                                                    "total": 2.5307267000000735,
                                                    "count": 511,
                                                    "self": 2.5307267000000735
                                                }
                                            }
                                        }
                                    }
                                },
                                "workers": {
                                    "total": 0.004399900000052526,
                                    "count": 510,
                                    "self": 0.0,
                                    "children": {
                                        "worker_root": {
                                            "total": 16.700943099999996,
                                            "count": 510,
                                            "is_parallel": true,
                                            "self": 12.91414069999994,
                                            "children": {
                                                "steps_from_proto": {
                                                    "total": 0.002645999999998594,
                                                    "count": 1,
                                                    "is_parallel": true,
                                                    "self": 0.000618799999998032,
                                                    "children": {
                                                        "_process_rank_one_or_two_observation": {
                                                            "total": 0.002027200000000562,
                                                            "count": 8,
                                                            "is_parallel": true,
                                                            "self": 0.002027200000000562
                                                        }
                                                    }
                                                },
                                                "UnityEnvironment.step": {
                                                    "total": 3.7841564000000574,
                                                    "count": 510,
                                                    "is_parallel": true,
                                                    "self": 0.08848940000000738,
                                                    "children": {
                                                        "UnityEnvironment._generate_step_input": {
                                                            "total": 0.06053600000002035,
                                                            "count": 510,
                                                            "is_parallel": true,
                                                            "self": 0.06053600000002035
                                                        },
                                                        "communicator.exchange": {
                                                            "total": 3.3653700000000413,
                                                            "count": 510,
                                                            "is_parallel": true,
                                                            "self": 3.3653700000000413
                                                        },
                                                        "steps_from_proto": {
                                                            "total": 0.26976099999998837,
                                                            "count": 510,
                                                            "is_parallel": true,
                                                            "self": 0.07004499999973746,
                                                            "children": {
                                                                "_process_rank_one_or_two_observation": {
                                                                    "total": 0.19971600000025092,
                                                                    "count": 4080,
                                                                    "is_parallel": true,
                                                                    "self": 0.19971600000025092
                                                                }
                                                            }
                                                        }
                                                    }
                                                }
                                            }
                                        }
                                    }
                                }
                            }
                        },
                        "trainer_advance": {
                            "total": 6.036483600000061,
                            "count": 510,
                            "self": 0.011545400000130712,
                            "children": {
                                "process_trajectory": {
                                    "total": 0.8256041999999297,
                                    "count": 510,
                                    "self": 0.8256041999999297
                                },